date;holyday
1/1/2016;1
24/3/2016;1
2/4/2016;1
1/5/2016;1
25/5/2016;1
20/6/2016;1
9/7/2016;1
8/12/2016;1
25/12/2016;1
1/1/2017;1
24/3/2017;1
2/4/2017;1
1/5/2017;1
25/5/2017;1
20/6/2017;1
9/7/2017;1
8/12/2017;1
25/12/2017;1
1/1/2018;1
24/3/2018;1
2/4/2018;1
1/5/2018;1
25/5/2018;1
20/6/2018;1
9/7/2018;1
8/12/2018;1
25/12/2018;1
1/1/2019;1
24/3/2019;1
2/4/2019;1
1/5/2019;1
25/5/2019;1
20/6/2019;1
9/7/2019;1
8/12/2019;1
25/12/2019;1
1/1/2020;1
24/3/2020;1
2/4/2020;1
1/5/2020;1
25/5/2020;1
20/6/2020;1
9/7/2020;1
8/12/2020;1
25/12/2020;1
